{"identifier":"5d2e1f021e9f10001350debd","visibility":true,"category":null,"runnable":true,"forkeable":true,"services":[],"constants":[],"type":"APP","description":"Workshop sobre Mat|r IoT en el Simposio Argentino de Sistemas Embebidos 2019","documentation":"# SASE2019-tutorial\n\nProyecto prototipo para el workshop en SASE 2019\n\n## Getting Started\n\nThese instructions will get you knowing the first steps to use or import this application.\n\n### Prerequisites\n\n* Tener un smartphone\n* Matr Viewer instalado\n\n\n### Mosquitto commands to test \n\nPara publicar info en la app, valores de temperatura, humedad y estado led.\n```\nmosquitto_pub -h a2sq3y7mdrjtom.iot.us-east-1.amazonaws.com -p 8883 -t a8cb7cc3 --cert arduinotest.certificate.pem  --key arduinotest.private-key.txt --cafile rootCA.pem -m '{\"bulb1State\":\"true\",\"temp\":30,\"hum\":60}' -d\n```\n\nPara publicar info en la app, valores de temperatura, humedad y estado led.\n```\nmosquitto_pub -h a2sq3y7mdrjtom.iot.us-east-1.amazonaws.com -p 8883 -t a8cb7cc3 --cert arduinotest.certificate.pem  --key arduinotest.private-key.txt --cafile rootCA.pem -m '{\"bulb1State\":\"true\",\"temp\":30,\"hum\":60}' -d\n```\n\n### Installing\n\nEn Matr Hub buscar SASE2019-tutorial y realizar un fork de la misma\n\n\n### Using the project\n\nUsar Matr Viewer para probar la aplicación\n\n## Contributing\n\nTODO\n\n## Authors\n\n* **Ana Laura Diedrichs** - @anadiedrichs\n\n## License\n\nThis project is licensed under the MIT License. (You can also add a link to the license)\n\n## Acknowledgments\n\n* Matr team\n* GridTICs - FRM UTN","devices":[{"name":"arduinotest","metadata":{"model":"NODEMCU"},"deviceId":"4ba06c5f","applicationId":"5d2e1f021e9f10001350debd","$$hashKey":"object:888"}],"channels":[{"alias":"home","description":"monitoreo","model":"Info","equivMap":{"Info":{"bulb1State":"bulb1State","temp":"temp","hum":"hum"}},"name":"home","channelId":"88aa0a64","actions":["subscribe","publish"],"type":"static","applicationId":"5d2e1f021e9f10001350debd","$$hashKey":"object:874"},{"alias":"command","description":"prender y apagar led","model":"Command","equivMap":{"Command":{"command":"command","relayIdx":"relayIdx"}},"name":"command","channelId":"a91b29a1","actions":["subscribe","publish"],"type":"static","applicationId":"5d2e1f021e9f10001350debd","$$hashKey":"object:875"}],"navigationBarStyle":{"textColor":"#FFFFFF","tintColor":"#FFFFFF","backgroundColor":"#0078c2","fontSize":18},"selectedThemeId":"59e10fabe7b3ff4db5a2469c","tags":[],"standaloneAppProperties":{"appName":{"platform":"ALL","value":"SASE2019-tutorial"},"packageName":{"platform":"ALL","value":"com.adiedrichs.sase2019tutorial"},"unhandledException":{"platform":"ALL","value":0},"andFirebaseApiKey":{"platform":"ANDROID","value":null},"andFirebaseAppId":{"platform":"ANDROID","value":null},"iosFirebaseApiKey":{"platform":"IOS","value":null},"iosFirebaseAppId":{"platform":"IOS","value":null},"iosFirebaseGCMSenderId":{"platform":"IOS","value":null},"firebaseDatabaseUrl":{"platform":"ALL","value":null}},"standalone":false}